True / Predicted,apple scab,apple black rot,apple rust,corn gray leaf spot,corn northern leaf blight,corn rust,grape black rot,potato early blight,potato late blight,squash powdery mildew,strawberry leaf scorch,tomato bacterial leaf spot,tomato early blight,tomato late blight
apple scab,0,55,22,6,0,0,2,4,12,0,6,0,0,3
apple black rot,0,85,0,0,0,0,0,0,0,0,0,0,0,0
apple rust,0,40,11,4,0,0,1,2,0,0,2,0,0,0
corn gray leaf spot,0,0,0,94,4,6,0,0,0,0,0,0,0,0
corn northern leaf blight,0,0,0,183,20,19,0,0,0,0,0,0,0,0
corn rust,0,0,0,181,4,43,0,2,0,2,1,0,0,0
grape black rot,0,9,0,1,0,0,181,5,0,3,21,0,0,0
potato early blight,16,13,7,0,0,0,0,130,4,0,54,0,0,0
potato late blight,1,51,1,2,0,0,0,76,66,0,6,0,1,0
squash powdery mildew,0,18,4,28,2,0,6,0,3,311,1,4,0,2
strawberry leaf scorch,2,0,3,0,0,1,0,0,1,1,182,1,0,2
tomato bacterial leaf spot,0,90,14,47,0,1,1,114,28,0,159,4,1,4
tomato early blight,2,16,4,4,0,0,1,72,33,2,22,0,2,26
tomato late blight,1,40,4,17,5,0,7,68,100,1,13,18,5,90
